-0.062276,-0.95592,-0.29087,-0.28789,0.10447,-0.19527
2.2864,-0.060007,0.24401,0.74029,-0.81909,-0.087788
-0.59631,-0.85548,-0.21617,-0.49353,0.55754,-0.037117
-0.31537,-0.64657,0.45617,0.53466,-0.48801,-0.1947
-0.96161,0.17402,-0.15342,-0.49353,-0.37183,-0.19527
0.043181,-0.15241,0.082651,-0.49353,1.0222,-0.19527
0.13514,-0.74701,1.2779,-0.49353,-0.11626,5.8094
-0.7296,1.3712,-0.65244,-0.49353,-0.60418,0.063648
1.9279,-0.85548,0.51893,-0.49353,-0.02332,-0.135
0.92226,0.031392,0.28137,-0.49353,-0.76682,0.081498
-0.80047,-0.78919,-0.017453,-0.49353,-0.32537,-0.19527
-0.13905,-0.58731,0.63098,-0.49353,0.44137,-0.15688
0.56371,0.24934,-0.36558,-0.49353,-1.0689,-0.19527
1.393,0.25738,-0.65244,-0.49353,-1.0689,0.32103
1.2032,1.1533,0.8297,0.94593,-1.0689,-0.19527
0.43042,-0.069046,-0.58969,1.5628,0.78988,-0.19527
-0.27994,-0.78015,-0.37753,0.12338,1.2313,-0.19527
-0.70176,0.22423,0.28286,1.5628,-0.37183,-0.14825
-0.82156,-0.9057,-0.46568,-0.49353,-1.0689,-0.19527
-1.046,0.76861,-0.44028,0.94593,-0.51124,-0.19527
-0.55412,1.3039,0.082651,3.0023,0.092851,0.036586
-0.70176,-0.75504,-0.41488,-0.49353,0.67371,-0.19527
1.3652,0.6511,1.6888,0.74029,-1.0689,0.046566
-0.34996,1.9568,0.25746,-0.28789,-0.37183,-0.19316
0.81006,0.34978,-0.51499,0.12338,-0.22662,-0.19527
-1.3277,-0.83841,-0.21617,-0.082255,-0.48801,-0.19527
1.3019,1.6555,0.879,1.3572,-1.0689,-0.19527
2.1101,2.7603,3.8179,3.0023,-1.0689,-0.19527
2.181,0.75154,1.4273,0.12338,-1.0689,-0.19527
0.88683,-0.74701,0.8297,0.74029,1.8354,1.7241
-0.19557,2.0151,0.84165,0.53466,-0.093023,-0.19527
0.88008,1.0107,1.7142,1.1516,-1.0689,-0.19527
1.5128,0.56773,1.6021,2.591,-1.0689,0.7644
0.43716,0.073576,0.8297,-0.49353,-1.0689,0.57247
-0.75829,1.2035,-0.54039,0.53466,-1.0689,-0.087788
-0.31537,-0.6546,-0.066758,1.7685,1.4521,-0.18855
-0.3643,-0.63753,-0.11606,1.9741,2.3175,-0.058422
-0.72285,1.4044,-0.51499,-0.082255,0.67371,-0.089516
-0.32212,-0.83841,-0.58969,-0.082255,0.44137,-0.099304
1.9414,0.93534,3.6431,1.7685,-0.89461,-0.13769
0.2195,0.88613,0.68029,1.9741,-1.0689,-0.15285
-0.22341,2.0572,0.9298,1.7685,-1.0689,0.24292
-0.16014,-0.67168,-0.44028,-0.28789,0.32519,-0.17608
0.67592,1.8393,1.9129,0.74029,-0.66226,-0.19527
2.0966,4.6686,7.8519,7.7319,-1.0689,-0.19239
1.9203,0.4,0.12,1.7685,-1.0689,-0.14076
0.79572,-0.54613,-0.62704,4.2361,1.574,0.04196
0.029682,-0.060007,1.1405,0.12338,0.7376,-0.13769
0.8379,-0.64657,0.38147,-0.49353,0.18579,-0.19527
-0.64524,-0.82234,-0.61509,-0.49353,-0.48801,-0.19527
-0.49085,-0.85548,-0.40293,-0.49353,1.7831,-0.19527
-0.46976,-0.75504,-0.14146,-0.49353,0.55754,-0.19527
0.49369,-0.54613,-0.65244,-0.49353,1.2546,0.91795
0.28278,-0.45373,-0.66439,-0.49353,0.31939,-0.15688
0.22625,-0.35329,1.5513,-0.49353,-1.0689,-0.19527
-0.69501,1.3793,-0.41488,-0.49353,-0.13949,-0.13769
-0.70851,-0.95592,-0.639,-0.49353,-1.0689,-0.19527
1.0767,-0.85548,0.8297,-0.49353,0.78988,-0.19527
0.30387,-0.051972,1.0538,-0.49353,3.061,-0.19527
0.98554,-0.35329,1.1285,1.7685,-0.60418,-0.19527
2.1245,1.5048,-0.29087,0.32902,0.092851,-0.19527
0.0085908,2.2913,0.23206,1.3572,0.38328,-0.055159
-0.68742,-0.79723,-0.21617,-0.082255,-0.60418,-0.1185
-0.94051,-0.78819,-0.19077,-0.28789,-1.0689,-0.19527
-0.41323,-0.10219,0.61754,-0.28789,-0.37183,-0.19527
0.2195,-0.64657,-0.20421,-0.28789,1.9516,9.4015
0.37389,-0.75504,-0.066758,1.7685,-1.0689,-0.10775
-0.51194,-0.88059,-0.58969,0.12338,0.44137,2.7045
-1.0249,0.34978,-0.22812,0.94593,-0.60418,0.3717
0.30387,4.0911,-0.17881,-0.28789,1.9226,-0.099304
0.064272,0.55066,-0.19077,-0.49353,1.3707,-0.19527
0.27518,-0.15241,3.0708,-0.49353,-3.3018e-16,-0.19527
0.59155,0.048467,3.3697,-0.49353,4.6235,-0.19527
1.0699,-0.85548,2.5479,-0.49353,1.2546,-0.19527
1.1188,0.45022,-0.17881,-0.49353,-0.13949,-0.19489
-0.91942,0.10672,-0.55234,-0.28789,-0.13949,-0.19527
0.21191,0.34978,-0.62704,-0.49353,1.5043,-0.19527
-1.046,-0.83841,-0.48959,-0.49353,-0.13949,-0.19527
-0.83506,-0.7219,0.082651,-0.28789,-0.02332,-0.19143
-0.8494,1.0026,-0.58969,-0.49353,-0.25566,-0.19527
1.5196,2.8607,-0.66439,-0.28789,-0.52286,-0.19527
-0.32887,-0.6546,-0.066758,-0.49353,1.0687,-0.19527
0.69701,-0.85548,-0.58969,-0.49353,0.60401,-0.19527
-5.9945e-16,-0.25285,0.23206,-0.49353,0.67371,-0.19527
-0.3643,-0.83037,-0.52843,-0.49353,0.092851,-0.19527
0.4726,-0.15241,0.8297,-0.49353,0.55754,-0.19527
-5.9945e-16,-0.88059,-0.40293,-0.49353,4.3215,-0.19527
-0.4976,-0.51198,0.53088,-0.49353,0.023149,-0.19527
0.20516,-0.051972,-0.36558,-0.49353,0.32519,-0.19527
1.4706,-0.6546,-0.66439,-0.49353,-0.48801,-0.19009
2.6096,1.6053,0.8297,-0.49353,-0.4183,-0.19527
-0.0125,2.1577,-0.51499,-0.49353,-0.37183,-0.19527
-5.9945e-16,0.048467,1.8756,-0.49353,-1.0689,-0.19527
1.7516,-0.67971,2.1624,-0.49353,0.092851,-0.17608
-0.23775,-0.6546,-0.21617,-0.49353,-1.0689,-0.15209
-0.2521,-0.24481,-0.51499,-0.49353,-0.075597,-0.19527
-0.72285,-0.83037,-0.62704,-0.49353,-0.02332,-0.19508
-5.9945e-16,-0.85548,-0.41488,-0.49353,0.78988,-0.19527
-0.76504,1.2537,0.23206,-0.49353,0.48783,-0.19527
-0.25885,-0.75504,-0.36558,-0.082255,-0.098832,-0.099304
0.50044,-0.60438,-0.58969,-0.49353,-0.11626,-0.1185
0.31062,2.3586,0.53088,-0.49353,-0.60418,-0.19527
-1.0882,0.048467,-0.55234,-0.082255,-1.0689,-0.18798
-0.55412,1.4546,0.0079468,-0.082255,-0.37183,-0.19431
-0.31537,-0.15241,1.0538,-0.082255,-0.63322,-0.19527
1.9625,2.1577,-0.66439,3.6192,-0.18596,-0.17032
-0.23775,-0.7219,-0.51499,-0.49353,0.55754,-0.19527
-0.55412,1.2537,0.68029,-0.49353,-0.37183,-0.19527
0.78897,-0.50395,2.3238,-0.49353,-0.046554,-0.19527
-0.99704,-0.80526,-0.42683,0.53466,-0.25566,-0.19431
-0.20232,-0.25285,0.38147,0.12338,0.84216,-0.19527
-0.59631,-0.74701,-0.51499,0.12338,-0.02332,-0.16706
-0.58956,1.555,-0.40293,-0.49353,0.44137,-0.19527
0.18407,-0.80526,-0.36558,0.12338,0.16255,-0.19527
-0.91942,-0.70482,-0.25352,0.12338,-0.25566,-0.15497
-0.51869,-0.72993,-0.27892,-0.082255,0.092851,-0.19527
0.52153,0.45022,2.772,0.94593,0.67371,-0.19431
1.7659,0.34978,1.2152,2.591,-1.0689,1.9548
2.2156,0.45826,3.5191,0.74029,1.0222,0.060385
-0.91267,1.1201,-0.56429,-0.28789,-0.60418,-0.18567
0.7046,0.29153,-0.65244,-0.28789,0.092851,-0.13769
-0.4976,1.555,-0.30282,13.284,-0.25566,-0.14575
-0.57521,1.555,-0.21617,1.9741,-0.37183,-0.086445
1.0632,0.38293,1.5394,0.12338,-1.0689,-0.19527
-0.68067,0.85198,1.8756,0.53466,-0.37183,-0.19527
0.28278,0.048467,1.5767,0.74029,-1.0689,-0.0033369
1.3584,-0.45373,0.082651,1.9741,1.3127,0.28648
-0.74394,1.2537,0.082651,0.94593,-0.48801,-0.039996
0.24059,-0.10219,0.30677,-0.082255,0.52269,-0.078191
-0.2656,-0.25285,-0.41488,-0.49353,0.55754,-0.19527
3.0525,0.14891,3.2202,-0.28789,-1.0689,-0.19527
-0.94051,-0.58731,0.0079468,-0.28789,-0.48801,-0.16648
1.3373,0.6511,1.2779,0.74029,1.1094,9.6126
0.39498,0.048467,0.082651,0.74029,-1.0689,-0.12483
0.092956,0.14891,0.97911,1.9741,1.301,-0.0033369
1.4352,0.34978,1.1285,-0.49353,0.96414,-0.19527
0.7046,-0.84745,-0.51499,0.12338,0.092851,-0.0033369
0.16973,-0.40351,0.60558,0.74029,0.11609,-0.19527
-1.0747,0.95241,-0.17881,0.74029,-0.83652,-0.080111
-0.39214,1.7559,0.8297,-0.082255,-1.0689,0.7644
-0.026842,-0.20263,-0.47763,1.3572,-0.017512,-0.19527
2.1034,2.2581,-0.66439,2.591,-1.0689,-0.14786
0.96444,-0.89767,-0.14146,1.1516,-0.48801,-0.1233
-0.77938,1.2537,-0.066758,-0.28789,-0.60418,-0.14191
-0.3643,-0.62146,0.8551,1.3572,1.2488,-0.036542
0.10645,-0.45373,0.15736,0.74029,-0.13949,0.20242
-0.70176,-0.6546,0.045299,0.12338,-1.0689,-0.083566
0.73919,0.5587,1.7262,2.3854,-1.0689,0.24618
-0.090116,0.34978,0.53088,0.94593,-1.0689,0.39301
1.7938,2.0572,0.97911,2.3854,-1.0689,0.22698
1.2741,-0.86352,-0.54039,1.7685,1.4869,-0.19412
2.2578,1.0529,0.53088,2.3854,-1.0689,0.11221
0.4861,0.34978,0.60558,1.9741,-0.52867,-0.19527
-0.7161,-0.45373,-0.34018,1.7685,-0.72035,0.22391
0.099705,-0.6546,0.97911,0.12338,-1.0689,-0.19527
-0.83506,1.3542,-0.66439,1.7685,-1.0689,-0.19527
-0.25885,-0.34525,0.094604,-0.28789,-0.66226,-0.19527
3.1301,2.0572,-0.66439,2.3854,-1.0689,0.4527
-0.30103,-0.55417,0.58018,-0.082255,-0.017512,-0.19527
0.21191,-0.93985,-0.65244,-0.28789,0.55754,0.1886
-0.32887,-0.55417,-0.36558,0.32902,-0.25566,1.2527
1.0488,-0.55417,-0.14146,-0.082255,-1.0689,-0.19239
-0.54737,-0.61242,-0.16686,-0.28789,1.2255,-0.19143
0.036431,-0.60438,-0.65244,-0.49353,1.2139,-0.19527
2.4476,2.3586,2.6226,-0.49353,-0.94688,1.8318
0.78137,1.0529,-0.14146,-0.49353,-0.90041,-0.034622
-1.0325,0.95241,-0.36558,-0.49353,-0.72035,-0.1185
0.064272,-0.84745,-0.65244,-0.49353,1.4869,1.95
0.43042,-0.30307,2.025,-0.49353,-0.47639,-0.072625
0.50044,-0.72993,-0.21617,-0.49353,1.4346,-0.19527
-0.54737,-0.44569,-0.58969,-0.49353,1.0803,-0.19527
0.82356,-0.95592,3.8179,-0.49353,-1.0689,-0.19527
2.0612,1.555,1.7262,-0.49353,-0.92946,0.19397
1.5407,1.773,1.8756,-0.49353,-1.0689,-0.19527
-0.75069,1.1533,-0.26547,-0.49353,-0.48801,-0.19527
-0.38539,-0.6546,-0.55234,-0.49353,0.44137,0.0091389
-0.55412,1.555,0.23206,-0.49353,-0.95269,-0.19527
-0.46301,0.78468,-0.24157,-0.49353,-0.13949,-0.16648
-1.1092,0.9022,-0.30282,0.32902,-0.72035,-0.091627
-0.96161,0.68525,-0.078711,2.3854,-0.72035,-0.16495
1.3584,-0.89767,3.8179,3.6192,-1.0689,2.6838
-0.87049,-0.48687,-0.51499,0.32902,-0.60418,-0.19527
-0.91942,-0.35329,-0.61509,0.12338,-0.48801,-0.19412
2.1523,2.9612,0.97911,0.94593,-1.0689,0.38053
-0.77178,0.18205,0.10805,0.94593,-0.31956,0.42986
1.4495,0.75154,3.0708,1.3572,-0.017512,0.12238
0.71135,0.34978,0.38147,-0.28789,-1.0689,-0.099304
0.76028,0.048467,0.8297,0.94593,-1.0689,0.39301
-0.2445,-0.74701,0.082651,0.53466,0.67371,0.079195
0.12755,-0.026862,-0.17881,-0.082255,-1.0689,-0.19527
-0.86374,1.1533,0.23206,-0.49353,-1.0689,-0.19527
0.88008,-0.91474,0.86705,-0.49353,1.2546,-0.19527
0.85899,-0.76308,0.082651,-0.49353,1.8935,-0.080111
-0.75069,-0.63753,0.25746,0.74029,-0.60418,-0.19527
0.24734,-0.14438,1.8756,0.94593,0.063809,-0.19527
-0.27994,0.056502,-0.21617,1.1516,-0.23243,-0.19393
0.13514,-0.32014,0.28137,0.12338,1.1384,-0.19527
1.4006,0.57577,3.9673,1.9741,-1.0689,-0.043643
-0.33646,-0.54613,-0.066758,0.12338,1.0803,-0.087788
-0.75829,1.0609,-0.65244,1.3572,-0.72035,-0.11927
-0.63174,-0.85548,-0.29087,-0.28789,-1.0689,-0.06514
0.82356,-0.75504,0.0079468,-0.49353,-1.0689,-0.13769
-0.56847,-0.40351,0.0079468,0.74029,-3.3018e-16,-0.080111
-0.91267,1.1031,-0.45223,-0.082255,-0.78424,-0.19527
0.40173,-0.52906,-0.639,-0.28789,-0.77843,0.032555
0.32496,1.4546,3.5191,1.1516,-1.0689,1.0696
3.3756,-0.95592,-0.66439,-0.49353,-3.3018e-16,-0.19527
-0.2445,0.91927,1.0284,0.74029,1.1442,-0.16303
0.30387,-0.45373,0.68029,0.94593,-0.19758,0.048486
0.66917,-0.10219,1.2779,2.7967,-0.38926,0.036969
0.65483,0.22423,2.3238,2.3854,1.2488,-0.19527
-0.61065,0.37489,0.97911,-0.49353,-0.48801,-0.19527
2.4054,1.9568,4.7143,2.591,-1.0689,-0.0033369
-0.7161,1.3542,0.38147,1.3572,-0.74358,-0.052856
-0.41323,-0.41154,0.9044,-0.28789,0.15675,-0.19527
1.4006,-0.25285,0.38147,-0.49353,0.26711,-0.19527
0.81006,-0.14438,1.4273,1.1516,0.78988,-0.19527
2.0544,1.3542,0.8297,0.53466,-1.0689,1.5035
1.8857,0.97752,1.9249,0.53466,-1.0689,-0.19527
-1.0671,0.9022,-0.36558,0.32902,-0.60418,-0.099304
1.5617,1.5631,0.0199,0.12338,-0.16273,-0.19527
2.8559,1.2537,5.312,0.94593,-0.94107,-0.19527
-1.1801,0.85198,-0.25352,-0.49353,-1.0689,-0.19527
-1.0747,0.96045,-0.639,-0.49353,-0.48801,-0.19527
0.52153,0.14891,-0.62704,-0.49353,0.25549,-0.19527
-0.70176,-0.15241,-0.58969,-0.49353,-0.13949,-0.19527
-1.1379,0.14891,-0.51499,-0.49353,-0.60418,-0.19527
-0.76504,0.7435,0.070699,-0.49353,-0.11626,-0.19527
-1.0038,-0.88059,-0.066758,-0.082255,-0.60418,-0.19527
-0.80047,1.2537,-0.46568,-0.49353,-0.48801,-0.19527
-0.53978,-0.25285,-0.47763,0.94593,-1.0689,1.1596
1.3373,-0.35329,3.4817,-0.082255,1.9458,0.13179
0.16298,-0.60438,0.68029,0.32902,0.40071,-0.030784
-0.32887,1.8061,1.0538,-0.49353,1.7599,-0.099304
2.2654,3.2625,2.3238,2.1798,-1.0689,1.0907
-0.91942,-0.58731,-0.041358,0.53466,0.20902,0.28514
-0.45542,-0.9057,-0.66439,-0.49353,-1.0689,-0.19527
-0.86374,0.55066,-0.24157,-0.28789,-0.60418,1.6857
0.9501,-0.026862,0.70419,-0.49353,-1.0689,-0.19527
0.55696,1.078,0.082651,0.74029,1.9516,-0.15765
-0.93376,1.0529,0.082651,-0.49353,-0.83652,-0.19527
1.4074,4.0831,-0.14146,0.12338,-0.37183,-0.19258
-0.27319,0.048467,2.6226,-0.49353,-0.66226,-0.19527
-1.0814,0.55066,0.1454,0.53466,-3.3018e-16,4.9344
-1.1025,-0.55417,-0.21617,-0.082255,-0.37183,-0.13769
0.13514,-0.34525,-0.054805,-0.28789,-0.02332,3.2647
1.1332,0.75154,3.5191,-0.28789,-0.55771,0.1886
-1.0038,-0.91374,-0.57774,1.7685,-0.60418,-0.17627
-0.59631,1.6053,0.75499,-0.082255,-0.64484,-0.11005
-0.82156,1.2537,-0.57774,0.74029,-0.36603,-0.19527
0.73244,3.3629,5.312,1.7685,-1.0689,0.03505
0.83115,0.048467,0.8297,0.74029,1.6612,-0.19527
-1.159,1.2537,-0.36558,1.7685,-1.0689,0.38053
-0.70851,1.2788,-0.52694,-0.28789,-0.48801,-0.19527
-5.9945e-16,-0.83037,-0.58969,-0.49353,1.1384,0.19052
-1.1303,1.1031,-0.34018,-0.49353,0.78988,-0.19278
-0.97595,1.2628,-0.066758,-0.49353,-0.2789,-0.19527
-0.97595,-0.95592,-0.51499,-0.49353,-0.23243,-0.19527
-0.91267,0.96045,-0.65244,-0.49353,0.092851,-0.0033369
-0.59631,-0.60438,-0.61509,-0.49353,-0.30213,-0.19527
0.099705,-0.48687,1.0538,-0.49353,0.62724,-0.19527
1.7381,-0.95592,-0.66439,-0.49353,-1.0689,-0.19527
1.4006,-0.68775,-0.56429,-0.49353,-1.0689,-0.17224
-0.94051,1.1533,-0.66439,-0.49353,-0.17434,-0.18913
1.6183,-0.83841,-0.66439,-0.49353,-0.22662,-0.19527
-1.2223,-0.93885,-0.65244,-0.49353,-0.25566,-0.056695
-1.1168,-0.71286,-0.66439,-0.49353,-0.48801,-0.19527
0.036431,0.24934,-0.29087,-0.49353,0.51107,-0.19527
2.3708,-0.64657,-0.62704,-0.49353,0.44137,-0.19527
-1.1447,-0.92278,-0.60164,-0.49353,0.092851,-0.18759
0.50719,-0.95592,-0.66439,-0.49353,-3.3018e-16,-0.19527
0.064272,-0.45373,-0.29087,-0.49353,0.55754,-0.19527
-1.1379,0.4,-0.65244,-0.49353,-0.25566,-0.19527
0.56371,1.078,-0.62704,-0.49353,-0.13949,-0.19527
-0.075774,-0.45373,0.0079468,-0.49353,0.90605,-0.19527
-1.0957,0.19109,-0.50303,-0.49353,-0.37183,-0.19527
-1.046,0.13183,-0.57774,-0.49353,-0.60418,-0.10238
-1.1303,1.0529,-0.61509,-0.49353,0.90605,-0.19527
-0.58956,1.7559,-0.66439,-0.49353,-3.3018e-16,-0.19527
-1.2923,-0.78819,-0.639,-0.49353,0.092851,-0.19527
-0.87724,-0.78015,-0.58969,-0.49353,0.55754,-0.15612
-0.64524,-0.83841,-0.62704,-0.49353,0.32519,-0.19508
-1.1725,-0.060007,-0.58969,-0.49353,-0.60418,-0.19527
-1.2712,-0.70482,-0.58969,-0.28789,-0.44154,-0.17646
-0.70176,1.5802,-0.62704,-0.082255,-1.0689,0.87035
-1.1801,1.0529,-0.61509,-0.28789,-0.37183,-0.19508
-5.9945e-16,-0.6546,-0.66439,-0.082255,0.092851,-0.17512
-0.17448,-0.83941,-0.57774,-0.28789,0.90605,0.34272
-1.0747,-0.87256,-0.61509,-0.28789,0.092851,-0.19508
-0.82831,-0.60438,-0.66439,-0.49353,-0.13949,-0.19527
-0.72285,-0.80526,-0.51499,-0.49353,0.78988,-0.19527
-1.1236,1.0529,-0.36558,-0.28789,-0.37183,-0.19508
-0.51869,-0.84745,-0.61509,-0.28789,0.51107,-0.11005
0.3528,-0.4708,-0.62704,-0.082255,0.20902,-0.19508
-1.3067,-0.88863,-0.66439,-0.28789,-0.13949,-0.17109
0.029682,-0.32818,0.24401,-0.082255,0.092851,-0.1945
3.1723,0.85198,0.53088,-0.28789,-0.66226,-0.19412
0.11405,-0.45373,-0.14146,-0.082255,3.1133,-0.19527
-1.2856,-0.40351,-0.46568,-0.28789,-0.60418,-0.19124
-0.79288,1.4797,0.33216,-0.082255,-0.02332,-0.16207
2.1945,-0.55417,1.2779,-0.28789,-1.0689,-0.19335
-1.1236,-0.92278,-0.58969,-0.49353,0.55754,-0.19527
-0.68742,-0.75504,-0.51499,-0.49353,0.55754,-0.19527
-1.3202,-0.3784,-0.639,-0.49353,-0.37183,-0.19527
-0.57521,1.7891,-0.21617,-0.49353,0.55754,-0.19508
1.4495,4.3342,-0.66439,-0.49353,-1.0689,-0.19527
-0.68067,-0.40351,0.68029,-0.49353,-0.13949,-0.19047
-1.0957,1.1111,-0.54039,-0.49353,-0.60418,-0.19527
-0.32212,-0.69679,-0.58969,-0.49353,-0.25566,-0.19527
0.01534,-0.35329,-0.66439,-0.49353,-0.13949,-0.19143
-0.56847,-0.051972,-0.36558,-0.49353,1.0222,-0.19412
-1.0603,-0.60438,0.033346,-0.49353,-0.4183,-0.19412
-1.2856,-0.91374,-0.62704,-0.49353,0.092851,-0.19508
-1.0957,1.0529,-0.54039,-0.49353,-0.60418,-0.18721
-1.2923,-0.95592,-0.58969,-0.49353,-0.72035,-0.19527
-0.72285,-0.80526,-0.51499,-0.49353,0.78988,-0.19527
-0.87724,-0.9057,-0.58969,-0.49353,0.55754,-0.15612
-1.1869,3.4634,-0.66439,-0.49353,1.545,18.998
-1.046,-0.95592,-0.66439,-0.49353,1.8354,-0.19508
0.43716,-0.93081,-0.21617,-0.49353,0.27873,-0.17358
-0.87049,-0.6546,-0.21617,-0.49353,-0.19758,-0.19374
-1.1379,-0.88059,2.3238,-0.49353,0.67371,-0.19527
0.17732,-0.88059,-0.55234,-0.49353,0.67371,-0.18683
1.4352,-0.91474,-0.58969,1.7685,1.1384,0.32909
0.17732,-0.70482,-0.31627,-0.49353,-0.37183,-0.19527
-0.17448,-0.73797,-0.36558,-0.49353,0.55754,-0.19278
-0.11796,-0.73797,-0.65244,-0.49353,-0.081406,-0.16092
0.78137,-0.25285,-0.51499,-0.49353,5.6691,-0.19527
0.27518,-0.45373,0.23206,-0.49353,0.092851,-0.19527
-5.9945e-16,-0.15241,-0.639,-0.49353,1.3185,-0.19527
-0.94051,-0.95592,-0.66439,-0.49353,-3.3018e-16,-0.19527
0.14189,-0.45373,0.082651,-0.49353,-1.0689,-0.19489
0.21191,-0.45373,-0.36558,-0.49353,1.6031,-0.1922
-0.53303,1.555,-0.36558,-0.49353,-0.02332,0.0085631
0.26843,-0.45373,-0.51499,-0.49353,0.95252,-0.19527
-0.32887,-0.80526,-0.61509,-0.49353,0.20902,-0.1471
1.3297,0.34978,-0.36558,-0.49353,-1.0689,-0.15151
0.27518,-0.70482,-0.51499,-0.49353,-0.13949,-0.19527
0.14189,-0.35329,-0.066758,-0.49353,-0.02332,-0.19527
-0.30103,-0.35329,-0.44028,-0.49353,0.67371,-0.18241
0.63373,-0.15241,0.23206,-0.49353,1.7193,-0.19527
0.94335,-0.13534,-0.65244,-0.49353,-0.44154,-0.17608
-0.39214,-0.50395,-0.51499,-0.49353,2.6486,0.57247
0.18407,-0.40351,-0.66439,-0.49353,-0.02332,-0.19527
0.62024,-0.60438,-0.51499,-0.49353,0.67371,-0.19489
2.6307,0.45022,-0.66439,-0.49353,-1.0689,-0.19297
0.057522,-0.6546,-0.58969,-0.49353,1.0919,-0.17186
-0.40648,-0.051972,0.082651,-0.49353,0.092851,0.036969
2.6796,-0.84745,-0.48959,0.12338,-0.02332,-0.19527
-0.31537,-0.6546,0.0079468,-0.28789,-0.48801,-0.1947
-0.45542,-0.55417,-0.66439,-0.49353,0.5343,-0.19508
-0.79288,-0.83841,-0.66439,-0.49353,-0.48801,-0.19527
-0.76504,1.3542,-0.21617,-0.49353,-1.0689,0.57247
-0.069025,-0.63753,-0.48959,-0.49353,-1.0689,-0.19527
0.43042,-0.55417,-0.58969,-0.49353,0.21483,-0.19527
-1.3134,-0.92278,-0.36558,-0.082255,0.78988,-0.19508
0.81006,-0.68775,-0.61509,-0.49353,-0.093023,-0.19527
-1.0181,-0.92278,-0.65244,-0.49353,1.1384,-0.19527
0.071864,-0.35329,-0.61509,-0.49353,-0.37183,-0.19527
0.43716,-0.0097877,-0.66439,-0.49353,-0.13949,-0.19527
-0.11121,0.14891,0.97911,-0.49353,-0.48801,-0.19527
-0.7161,-0.45373,-0.639,-0.49353,-0.48801,0.61239
-0.39974,-0.84745,-0.66439,-0.49353,-0.48801,-0.19527
-1.2358,-0.88863,-0.57774,-0.49353,0.092851,-0.19527
-0.60305,-0.55417,-0.61509,-0.082255,0.78988,0.054244
0.9501,-0.70482,3.4817,-0.28789,0.97575,-0.17377
-0.74394,0.28249,-0.61509,-0.49353,0.20902,-0.0033369
0.66242,-0.61242,-0.61509,-0.49353,1.2546,-0.19527
-0.67392,1.3542,0.23206,-0.49353,-0.95269,-0.1922
-0.85615,-0.80526,-0.44028,-0.49353,-0.30213,-0.19489
0.1208,-0.45373,1.4273,-0.49353,0.55754,-0.19527
-0.44192,1.6555,-0.66439,-0.49353,-0.25566,0.017776
1.1332,-0.034897,-0.36558,-0.49353,0.32519,-0.19527
-0.44867,-0.64657,-0.62704,-0.49353,-0.48801,-0.19527
-0.28669,-0.83841,-0.65244,-0.49353,0.44137,-0.0025691
-0.90592,-0.85548,-0.36558,-0.49353,0.44137,-0.19527
-0.2445,1.9568,-0.62704,-0.49353,-1.0689,-0.14038
-0.91942,-0.78819,-0.066758,-0.49353,0.32519,-0.19527
0.24059,-0.68775,-0.62704,-0.49353,1.4869,0.66843
0.16973,-0.9057,0.53088,-0.49353,1.3707,-0.19527
0.97879,0.048467,0.0079468,-0.49353,-0.24985,-0.19527
-0.75069,0.45022,-0.61509,-0.49353,-0.13949,-0.19527
-0.61065,-0.45373,0.68029,-0.49353,0.092851,-0.10775
2.1312,-0.10219,0.8297,-0.49353,-1.0689,-0.1945
-0.80047,1.3461,-0.19077,-0.49353,-0.48801,0.037353
0.20516,0.14891,-0.21617,-0.49353,-0.72035,-0.19527
-0.75829,-0.6546,-0.50303,-0.49353,-0.37183,-0.18241
-0.87724,-0.95592,-0.51499,-0.49353,-1.0689,-0.19527
-0.41323,1.9739,-0.66439,-0.49353,-0.034937,-0.19527
-0.7296,-0.92177,-0.639,-0.49353,-1.0689,-0.19527
-1.3834,0.45022,-0.36558,-0.49353,2.4163,-0.19527
0.7046,0.048467,-0.60164,-0.49353,2.1259,-0.19527
-0.34996,1.555,-0.58969,-0.49353,3.1133,-0.19527
-0.57521,-0.84745,-0.36558,-0.49353,-0.37183,-0.19508
0.81006,-0.70482,-0.58969,-0.49353,-1.0689,-0.15784
0.12755,-0.62949,-0.50303,-0.49353,-1.0689,-0.19527
-0.14664,-0.54613,-0.65244,-0.49353,-0.32537,-0.19508
-0.67392,-0.83841,-0.62704,-0.49353,-0.37183,-0.17857
-0.45542,1.555,-0.29087,-0.49353,-1.0689,-0.19201
-0.047934,-0.53709,-0.639,-0.49353,0.67371,-0.19527
-0.91267,0.065541,-0.57774,-0.49353,-0.25566,-0.15996
-0.22341,-0.88059,-0.57774,-0.49353,0.20902,-0.1684
1.717,0.34978,0.25746,-0.49353,-0.64484,-0.19527
-0.75069,-0.88863,-0.44028,-0.49353,-0.13949,-0.19527
0.20516,0.065541,-0.34018,-0.49353,1.7193,-0.19527
3.2001,0.24934,-0.66439,-0.49353,-1.0689,-0.19527
0.73919,0.67621,-0.61509,-0.082255,-3.3018e-16,-0.19182
-1.0114,-0.82234,-0.36558,-0.28789,10.548,-0.19489
-1.3134,-0.32818,-0.639,-0.28789,-1.0689,-0.19412
-1.2223,-0.9057,-0.56429,0.32902,-0.13949,-0.19374
-0.026842,-0.38643,-0.66439,0.53466,-0.046554,-0.16725
-0.53978,-0.35329,-0.29087,-0.28789,-1.0689,-0.19105
-0.75069,-0.79723,-0.639,-0.49353,-0.23243,-0.19527
0.76028,-0.6546,-0.66439,-0.49353,0.67371,-0.19527
-0.78613,-0.86352,-0.62704,-0.49353,0.55754,-0.18472
-0.78613,-0.70482,0.30677,-0.49353,0.55754,-0.19527
-0.76504,-0.93081,-0.62704,-0.49353,0.092851,-0.18184
-0.67392,-0.59635,-0.50303,-0.49353,-0.2789,-0.19508
0.57805,-0.8143,-0.55234,-0.082255,0.23807,-0.099304
-0.42083,-0.44569,-0.66439,-0.49353,-0.02332,-0.18376
0.28953,-0.45373,-0.36558,-0.49353,0.15094,-0.19527
-0.94051,-0.73797,-0.21617,-0.49353,-0.44154,-0.19393
-0.18123,-0.70482,-0.14146,-0.49353,0.092851,-0.19527
-0.45542,-0.78819,-0.31627,-0.49353,-0.48801,-0.19527
0.17732,-0.52102,-0.21617,-0.49353,-0.37183,-0.19527
-0.58956,-0.70482,-0.58969,-0.49353,-0.42992,-0.19527
-0.32887,-0.54613,-0.58969,-0.49353,-0.02332,-0.18567
0.50044,-0.78819,-0.65244,-0.49353,-0.37183,-0.19431
1.485,-0.49591,-0.57774,-0.49353,0.092851,-0.1947
0.16973,-0.88863,-0.639,-0.49353,-0.02332,-0.19527
1.7094,-0.35329,-0.21617,-0.49353,-0.02332,-0.1945
-0.7296,-0.32014,-0.61509,-0.49353,-0.13949,0.0077953
-0.82156,-0.64657,-0.639,-0.49353,0.99899,-0.19527
-0.53303,-0.75504,-0.51499,-0.49353,0.092851,-0.19527
2.2788,-0.41154,0.057252,-0.49353,0.78988,-0.19527
-1.0603,-0.95592,-0.66439,0.32902,-0.80748,-0.19508
-1.0114,-0.83841,-0.66439,0.12338,0.96414,-0.047674
1.8359,-0.92278,-0.66439,-0.49353,-0.70873,-0.19009
-0.37105,-0.70482,-0.66439,-0.28789,-0.53447,-0.13769
-0.47651,-0.78015,-0.55234,-0.082255,-0.058172,-0.1947
-0.7161,-0.95592,-0.36558,1.7685,-1.0689,-0.19527
0.67592,0.048467,-0.66439,-0.082255,-0.97012,-0.19508
-0.083367,-0.41154,-0.62704,-0.49353,-0.60418,-0.19527
-1.208,-0.35329,-0.65244,-0.49353,-0.13949,-0.18759
-1.1725,-0.95592,-0.66439,-0.49353,-0.56933,-0.19527
-5.9945e-16,1.3039,-0.66439,-0.49353,-3.3018e-16,0.80279
-1.2712,-0.93081,-0.61509,-0.49353,-0.30213,-0.19527
-0.35755,-0.62146,-0.66439,-0.49353,0.90605,-0.19508
-0.026842,-0.72993,-0.66439,-0.28789,-0.51124,-0.19162
-0.97595,0.45022,-0.51499,-0.49353,-1.0689,-0.19527
-5.9945e-16,-0.35329,1.4273,-0.49353,-1.0689,-0.19508
0.66917,-0.62949,-0.21617,-0.49353,-1.0689,-0.13462
0.41607,-0.10219,0.38147,-0.49353,1.5682,-0.18567
-0.15339,-0.82234,-0.58969,-0.49353,0.67371,-0.19527
1.7592,-0.6546,0.45617,-0.49353,-1.0689,-0.12809
0.38823,2.685,-0.639,-0.49353,0.78988,0.48648
0.25409,-0.95592,-0.66439,-0.49353,-3.3018e-16,-0.19527
-0.16014,-0.80526,-0.65244,-0.49353,0.32519,-0.19527
0.38823,0.14891,0.8297,-0.49353,0.15094,-0.063412
-0.4976,-0.89767,-0.21617,-0.49353,-0.13949,-0.19527
-0.59631,-0.4708,-0.66439,-0.49353,-0.37183,-0.19527
-0.63174,-0.78015,-0.639,0.32902,0.40651,0.179
-0.81397,-0.85548,-0.62704,-0.49353,1.0222,-0.19527
0.42282,-0.89767,-0.66439,1.5628,0.092851,-0.19182
-0.72285,-0.58731,-0.66439,-0.28789,0.092851,-0.1851
-0.33646,-0.35329,0.16931,-0.28789,0.55754,-0.19335
-0.041185,-0.33621,0.082651,-0.082255,-0.13949,-0.1874
-0.096865,-0.67971,-0.65244,0.12338,-1.0689,-0.18894
-0.80047,-0.48687,-0.44028,-0.49353,-0.02332,-0.19527
-1.2856,-0.13534,-0.54039,-0.49353,-0.37183,-0.19527
-0.81397,1.3873,-0.639,-0.49353,0.78988,-0.19431
-0.88483,-0.1273,-0.65244,-0.49353,-0.25566,-0.17608
-1.1936,0.34978,-0.62704,-0.49353,-0.72035,-0.17608
-1.046,-0.15241,-0.36558,-0.49353,1.0222,-0.0033369
-0.91942,-0.87256,-0.62704,-0.49353,-1.0689,-0.18683
-0.40648,-0.55417,-0.44028,-0.49353,-0.60418,-0.19527
-0.67392,-0.78819,-0.639,-0.49353,0.20902,-0.19431
0.64133,-0.45373,2.3238,-0.49353,0.092851,-0.19527
-0.74394,1.3542,-0.54039,-0.49353,-1.0689,-0.19527
-0.42758,-0.41154,-0.639,-0.49353,-0.60418,-0.19527
-1.2358,-0.85548,-0.61509,0.74029,0.32519,-0.18855
-0.68067,-0.32014,-0.54039,-0.28789,0.55754,-0.17992
-1.2012,0.95241,-0.14146,1.5628,-1.0689,-0.19335
-0.65958,-0.87256,-0.65244,-0.082255,-0.32537,-0.19412
0.26169,-0.73897,-0.31627,-0.49353,-0.90622,-0.19527
3.6498,2.8607,-0.65244,-0.082255,-1.0689,-0.1279
-0.28669,-0.93081,-0.639,-0.49353,0.18579,0.20779
-0.59631,1.7228,-0.65244,-0.49353,-0.37183,-0.1041
-1.0747,-0.24481,-0.66439,-0.49353,-0.02332,-0.19508
1.161,-0.75504,-0.62704,-0.49353,0.45879,-0.19527
1.323,-0.80526,0.15736,-0.28789,0.86539,-0.024066
-0.62415,-0.78015,0.71764,-0.082255,1.9516,0.1886
0.64808,0.95241,1.2779,2.3854,0.32519,0.68897
-0.93376,1.4215,1.1285,-0.49353,0.90605,-0.19527
-1.0747,-0.069046,0.23206,-0.49353,0.32519,-0.19527
-1.046,0.95241,-0.21617,-0.49353,-0.37183,0.22814
-0.55412,-0.78015,-0.35362,-0.49353,-0.13949,0.92947
-0.96161,0.9022,-0.16686,0.12338,-0.83652,-0.1899
-0.49085,-0.85548,-0.22812,0.53466,0.74341,-0.19527
-0.94051,0.45022,-0.17881,0.12338,0.092851,0.07171
-5.9945e-16,-0.15241,0.8297,0.12338,0.61562,0.24215
0.62699,0.048467,0.38147,1.5628,-1.0689,-0.19527
2.7429,-0.92278,-0.66439,-0.28789,0.27873,-0.17608
-0.27994,0.073576,0.75499,-0.082255,1.3707,-0.19393
-0.23775,-0.20263,-0.34018,-0.28789,1.0861,-0.19527
-0.020093,2.9612,1.4273,2.7967,-1.0689,0.7644
-1.0671,0.85198,-0.44028,-0.082255,-0.55771,-0.081838
-0.57521,-0.35329,-0.11606,3.4136,-1.0689,-0.099304
-0.075774,1.4546,-0.066758,-0.28789,0.20902,-0.19162
-0.89158,0.0062825,0.0079468,-0.28789,-0.60418,-0.13769
-1.5032,-0.15241,-0.14146,-0.082255,-0.37183,-0.0033369
1.2175,-0.15241,-0.66439,-0.49353,-0.48801,-0.011014
1.0767,-0.95592,0.082651,-0.49353,-1.0689,-0.19527
-0.95486,1.0448,-0.66439,-0.49353,-1.0689,-0.19527
-0.75069,-0.44569,0.10805,-0.49353,-1.0689,-0.19527
-5.9945e-16,1.1533,1.2779,-0.49353,-1.0689,-0.19527
2.4763,0.048467,0.53088,0.32902,-1.0689,-0.17627
-1.3067,-0.80526,-0.14146,0.53466,0.97575,-0.062837
-0.28669,-0.88059,-0.48959,0.32902,-0.60418,-0.19527
0.64133,-0.61242,-0.62704,0.53466,1.7193,-0.19527
-0.94051,0.55066,-0.21617,-0.28789,-0.13949,-0.15036
-0.1323,0.10672,0.0079468,0.53466,-0.49381,-0.099304
-0.73719,-0.35329,-0.27892,-0.28789,0.44137,-0.041724
-0.76504,0.75154,-0.14146,1.5628,-0.60418,-0.0052562
-0.2521,-0.62146,0.057252,-0.49353,1.4869,-0.19527
1.1475,-0.6546,0.082651,-0.49353,-0.25566,-0.19527
0.84465,-0.60438,-0.60164,-0.49353,-0.13949,-0.19527
2.1523,-0.88863,-0.36558,-0.49353,0.3949,0.22641
2.0401,0.46629,1.3526,0.12338,-0.48801,-0.18567
0.98554,4.1082,-0.60164,-0.28789,3.3457,-0.178
-0.52628,-0.53709,0.15736,-0.49353,1.0222,-0.19508
-0.58956,-0.82133,-0.14146,-0.49353,1.2546,-0.19527
0.97879,-0.50395,-0.44028,-0.49353,2.1839,-0.19527
0.78897,-0.78819,-0.66439,-0.49353,-0.31375,-0.19508
0.022089,-0.45373,1.5767,-0.49353,1.969,-0.19527
0.19841,-0.63753,-0.66439,-0.49353,0.78988,-0.19527
-0.56087,-0.70482,-0.66439,-0.49353,-0.60418,-0.19527
0.31062,-0.32014,0.45617,-0.49353,2.881,-0.19527
0.22625,-0.60438,-0.58969,-0.49353,-0.12207,-0.19527
4.107,0.14891,-0.50303,-0.49353,-1.0689,-0.13001
-1.0249,-0.6546,-0.066758,-0.49353,-0.48801,-0.19143
0.94335,-0.35329,-0.36558,-0.49353,-1.0689,-0.15688
-1.0038,1.0529,-0.41488,-0.49353,-0.25566,-0.19527
0.40173,-0.19459,-0.31627,-0.49353,0.092851,-0.19527
-0.12555,-0.74701,-0.51499,1.5628,-0.30213,-0.1899
1.0699,1.2537,-0.21617,-0.49353,-1.0689,-0.19527
-0.67392,-0.86352,0.12,0.74029,0.13932,-0.12867
-0.64524,-0.6546,-0.10411,0.74029,0.092851,-0.13251
0.13514,-0.75504,-0.44028,0.94593,0.90605,0.58609
1.4141,1.4546,4.1167,-0.49353,-0.42992,-0.19527
3.8118,3.5216,3.1455,-0.28789,-1.0689,-0.17435
1.6672,1.0529,-0.66439,1.7685,-1.0689,0.044455
0.26843,2.0572,0.94175,1.3572,-1.0689,-0.16955
0.59155,-0.28599,0.53088,2.3854,1.1558,0.062689
-0.77178,1.3039,-0.44028,0.32902,-1.0689,-0.13366
0.87333,-0.87155,-0.60164,0.74029,0.20902,-0.013317
-0.16773,-0.051972,1.5767,-0.082255,0.84797,-0.19527
0.050773,-0.66264,-0.34018,2.7967,-0.37183,0.20376
1.6748,-0.94788,-0.65244,-0.49353,-1.0689,0.38053
-0.73719,-0.49591,0.0199,0.94593,-0.25566,0.2623
-0.55412,1.5209,0.38147,0.74029,1.2546,-0.10737
-0.40648,-0.72993,-0.29087,-0.49353,-1.0689,0.8216
-0.69501,-0.6546,-0.24157,-0.49353,1.3824,-0.15688
-0.60305,1.5219,-0.19077,-0.49353,-0.37183,-0.19527
0.89442,0.056502,3.1455,-0.49353,-0.53447,-0.19527
-0.90592,-0.35329,-0.65244,-0.49353,-0.48801,-0.19527
-0.7161,1.3542,-0.029405,1.7685,0.61562,-0.14076
-0.53978,-0.3784,-0.40293,-0.49353,1.0222,-0.19527
0.97119,-0.88059,-0.55234,1.1516,0.67371,-0.16418
0.3528,-0.77212,-0.44028,0.32902,-1.0689,0.10856
2.3565,-0.40351,-0.14146,0.53466,-0.72035,-0.18414
-0.89158,-0.35329,-0.34018,1.1516,-0.13949,-0.19508
-0.81397,-0.84745,-0.65244,-0.28789,3.8103,-0.18395
2.8348,1.8564,-0.66439,1.7685,-1.0689,0.073437
-0.94811,1.0529,-0.36558,0.32902,-0.77843,0.085913
0.057522,-0.92278,0.30677,-0.28789,1.4404,1.3402
-0.11796,-0.85548,-0.14146,1.7685,-0.88299,-0.091627
-0.53978,0.24934,-0.36558,0.12338,-1.0689,-0.19527
0.64133,-0.62949,-0.21617,1.5628,0.011531,0.70682
0.63373,0.24934,-0.27892,0.53466,-0.44154,0.015281
0.0085908,-0.78919,-0.26547,1.1516,0.69113,0.43619
0.79572,-0.94788,-0.65244,-0.28789,2.1839,-0.19527
1.4285,-0.10219,-0.62704,-0.49353,0.23807,-0.19527
0.092956,0.85198,0.9044,-0.49353,-0.17434,-0.19527
-0.29428,2.0572,-0.66439,-0.49353,-1.0689,2.3406
3.5308,2.6097,-0.66439,-0.49353,-1.0689,-0.19527
2.7429,3.0616,4.5649,1.3572,-1.0689,-0.0033369
1.6883,2.0572,1.8756,1.3572,-1.0689,-0.19527
-0.41323,-0.60438,-0.36558,0.53466,-0.13949,0.91354
-0.52628,-0.83941,-0.57774,0.94593,-0.51124,0.7882
-0.11796,0.34978,0.26941,1.1516,0.84797,0.03505
-0.38539,-0.80526,0.60558,0.12338,0.74341,-0.16648
-0.70851,-0.95592,-0.66439,-0.49353,-3.3018e-16,-0.19527
0.2195,0.098686,-0.639,-0.49353,0.61562,-0.19412
0.59914,-0.91374,-0.639,-0.49353,0.55754,-0.19527
-0.49085,-0.80526,-0.58969,-0.49353,0.95833,-0.19086
1.2243,-0.35329,0.045299,1.1516,1.2313,0.60299
-0.8494,0.24934,0.082651,0.12338,-0.60418,-0.019076
-0.9692,-0.93081,-0.36558,-0.28789,0.32519,-0.047866
-0.93376,-0.4708,-0.066758,1.7685,0.092851,0.38053
-0.17448,-0.86352,-0.50303,0.32902,1.1384,-0.099304
0.90117,-0.60438,-0.66439,-0.49353,-0.19758,-0.19508
-0.14664,-0.70482,-0.58969,-0.49353,0.23226,-0.19527
-0.9692,-0.9057,-0.62704,-0.49353,0.092851,-0.19527
-0.68742,-0.83841,-0.639,-0.49353,-0.02332,-0.19527
-0.16773,-0.60438,-0.29087,-0.49353,0.55754,-0.19527
-1.2991,-0.94788,-0.65244,-0.49353,-1.0689,-0.19527
0.064272,-0.25285,-0.51499,-0.49353,0.27873,-0.19527
-5.9945e-16,-0.94788,0.60558,-0.49353,1.6031,-0.19527
1.3719,-0.11927,-0.639,-0.49353,1.9516,-0.19527
-0.97595,-0.70482,-0.62704,-0.49353,-0.25566,-0.1945
-0.33646,-0.30307,0.8551,-0.082255,1.0745,-0.19508
-0.80722,-0.79723,-0.57774,-0.28789,1.3707,-0.14095
-1.0325,1.2367,-0.48959,-0.082255,0.092851,-0.19393
0.57046,-0.069046,-0.62704,-0.49353,-0.13949,-0.19527
-0.18123,-0.70482,-0.58969,-0.082255,1.2546,-0.17454
-0.75069,-0.80526,-0.19077,-0.28789,1.2546,-0.19354
0.057522,1.8564,-0.66439,-0.082255,-0.13949,-0.19508
-0.16773,-0.0017526,-0.066758,-0.28789,1.6031,-0.18222
-1.1092,1.1362,-0.62704,-0.49353,-0.37183,-0.1233
-0.79288,-0.50395,-0.62704,-0.49353,-0.13949,-0.19335
-0.75069,-0.92278,0.0079468,-0.49353,-1.0689,-0.19527
-0.50519,-0.95592,-0.66439,-0.49353,-3.3018e-16,-0.19527
-1.0747,-0.95592,-0.46568,-0.49353,-0.13949,-0.19508
-0.84265,-0.79723,-0.46568,-0.49353,-0.13949,-0.19527
-0.65958,1.4546,-0.041358,-0.49353,-0.60418,-0.19527
-0.80722,0.61795,-0.61509,-0.49353,-3.3018e-16,-0.19527
0.38064,-0.44569,-0.66439,-0.49353,-1.0689,-0.0033369
-0.19557,1.6555,-0.51499,-0.49353,0.25549,-0.19527
-1.0114,-0.82234,-0.16686,-0.49353,0.20902,-0.19431
-0.7296,-0.70482,-0.58969,-0.49353,-0.37183,-0.039996
-0.3643,-0.89767,-0.62704,-0.28789,0.51107,-0.17454
0.60589,-0.6546,-0.66439,-0.49353,-0.62741,-0.19527
0.071864,-0.52102,-0.66439,-0.49353,-0.37183,-0.19527
-0.65958,-0.8133,-0.58969,-0.28789,0.32519,-0.1945
-1.1303,-0.46176,-0.37753,-0.082255,-0.13949,-0.082606
0.78897,-0.85548,-0.51499,-0.49353,-0.31375,-0.19527
-1.0181,0.96949,-0.42833,-0.49353,-0.60418,-0.12809
-0.2521,-0.22774,-0.58969,-0.49353,-0.48801,-0.19527
0.33846,-0.80526,-0.21617,-0.49353,0.27292,-0.19527
0.2195,-0.40351,0.082651,-0.49353,0.27873,-0.15688
0.13514,-0.50395,0.38147,-0.49353,0.092851,-0.16821
0.00099794,-0.80526,0.38147,-0.49353,0.78988,-0.19527
1.7659,0.45022,0.23206,-0.49353,-1.0689,-0.19527
0.38823,-0.87155,-0.57774,-0.49353,0.72599,-0.19489
0.4861,-0.42058,-0.61509,-0.49353,-1.0689,-0.099112
-0.90592,0.75154,-0.61509,-0.49353,-1.0689,-0.1279
-0.63174,0.85198,-0.58969,-0.49353,-1.0689,-0.19527
-0.50519,-0.88863,0.38147,-0.49353,0.90605,-0.19527
0.30387,-0.20263,-0.66439,0.74029,-1.0689,-0.15688
1.393,-0.20263,-0.36558,-0.49353,-0.48801,-0.19489
-1.3277,0.57577,-0.62704,-0.28789,-1.0689,-0.16456
-0.76504,-0.87256,-0.56429,-0.49353,-0.23243,-0.19527
-0.8494,1.3542,-0.51499,-0.49353,-0.48801,-0.18222
-0.67392,-0.78919,-0.54039,-0.28789,0.092851,-0.19316
-0.88483,0.048467,-0.66439,-0.49353,-1.0689,-0.19527
-0.4976,-0.30307,0.0199,-0.28789,1.3475,-0.19124
0.62024,-0.62146,-0.58969,-0.49353,-1.0689,-0.12042
-1.3345,-0.88059,-0.36558,-0.49353,-0.37183,-0.19182
-0.2521,-0.20263,-0.58969,-0.28789,-0.83652,-0.16571
-0.78613,0.85198,-0.639,-0.49353,-1.0689,-0.19527
-0.14664,-0.25285,-0.61509,-0.49353,0.18579,-0.19527
-0.68067,-0.6546,-0.40293,-0.49353,-0.13949,-0.19527
0.043181,-0.15241,-0.21617,-0.49353,-0.37183,-0.19527
-0.041185,-0.6546,-0.65244,-0.49353,-0.13949,-0.19527
0.022089,-0.94788,-0.65244,-0.49353,-1.0689,-0.19527
-0.82831,1.4044,-0.58969,-0.49353,-0.02332,-0.19527
-1.1514,-0.84745,-0.14146,-0.28789,-0.60418,-0.19431
-0.10446,-0.85548,-0.639,-0.49353,0.3949,-0.19527
1.7094,-0.54613,-0.21617,-0.49353,-0.37183,-0.19508
1.3162,0.2162,0.97911,-0.49353,1.6321,-0.16648
-0.4841,1.6223,-0.51499,-0.49353,-1.0689,-0.19489
1.5761,-0.78819,-0.51499,-0.49353,0.32519,-0.17282
-0.17448,-0.55417,-0.066758,-0.49353,0.41813,-0.19201
0.4861,-0.45373,-0.60164,-0.49353,0.44137,-0.14806
0.84465,-0.74701,-0.46568,-0.49353,0.32519,-0.14978
-0.083367,1.1864,-0.639,1.9741,-0.31956,-0.1947
-1.0249,0.50044,-0.65244,-0.28789,-0.48801,-0.19508
-1.1514,1.095,-0.66439,-0.49353,-1.0689,-0.18567
-0.9692,-0.70482,-0.66439,-0.49353,-1.0689,-0.19527
-1.0181,-0.89767,-0.57774,-0.49353,0.55754,-0.12541
-0.31537,-0.75504,0.23206,-0.49353,-0.046554,-0.092203
-1.2223,-0.29503,-0.56429,-0.49353,-0.25566,-0.19489
0.40932,-0.80526,-0.48959,-0.49353,0.32519,-0.1947
0.76028,-0.29503,0.38147,-0.49353,1.2546,-0.19527
-0.88483,1.0699,-0.29087,-0.49353,0.44137,-0.19527
-0.75069,-0.80526,-0.066758,-0.082255,0.092851,-0.11965
-0.53303,1.7559,-0.066758,-0.28789,0.092851,-0.19508
-1.1514,-0.91474,-0.65244,-0.49353,0.55754,-0.051321
0.28953,-0.27796,1.8128,-0.49353,-1.0689,-0.19527
